0, 22.911, 9.414, 1000000.0, 0.9
1, 22.914, 9.422, 1000000.0, 0.9
2, 22.858, 9.370, 1000000.0, 0.9
3, 22.787, 9.341, 1000000.0, 0.9
4, 22.787, 9.341, 1000000.0, 0.9
5, 22.546, 9.238, 1000000.0, 0.9
6, 22.506, 9.220, 1000000.0, 0.9
7, 22.582, 9.263, 1000000.0, 0.9
8, 22.793, 9.401, 1000000.0, 0.9
9, 22.811, 9.414, 1000000.0, 0.9
10, 24.147, 10.253, 1000000.0, 0.9
11, 23.494, 9.964, 1000000.0, 0.9
12, 23.494, 9.964, 1000000.0, 0.9
13, 23.494, 9.964, 1000000.0, 0.9
14, 23.710, 10.026, 1000000.0, 0.9
15, 23.421, 9.147, 1000000.0, 0.9
16, 23.208, 9.051, 1000000.0, 0.9
17, 23.142, 9.017, 1000000.0, 0.9
18, 23.142, 9.017, 1000000.0, 0.9
19, 23.181, 9.037, 1000000.0, 0.9
20, 23.101, 9.009, 1000000.0, 0.9
21, 22.990, 8.963, 1000000.0, 0.9
22, 22.801, 8.833, 1000000.0, 0.9
23, 23.075, 8.755, 1000000.0, 0.9
24, 23.081, 8.756, 1000000.0, 0.9
25, 23.086, 8.760, 1000000.0, 0.9
26, 23.086, 8.760, 1000000.0, 0.9
27, 23.049, 8.749, 1000000.0, 0.9
28, 22.869, 8.552, 1000000.0, 0.9
29, 22.763, 8.550, 1000000.0, 0.9
30, 22.790, 8.557, 1000000.0, 0.9
31, 22.777, 8.531, 1000000.0, 0.9
32, 23.398, 8.522, 1000000.0, 0.9
33, 23.379, 8.520, 1000000.0, 0.9
34, 23.368, 8.521, 1000000.0, 0.9
35, 23.337, 8.482, 1000000.0, 0.9
36, 23.406, 8.555, 1000000.0, 0.9
37, 23.375, 8.499, 1000000.0, 0.9
38, 23.378, 8.500, 1000000.0, 0.9
39, 22.243, 8.069, 1000000.0, 0.9
40, 22.234, 8.067, 1000000.0, 0.9
41, 21.592, 8.033, 1000000.0, 0.9
42, 21.585, 8.033, 1000000.0, 0.9
43, 21.585, 8.033, 1000000.0, 0.9
44, 21.585, 8.033, 1000000.0, 0.9
45, 21.584, 8.033, 1000000.0, 0.9
46, 22.372, 8.101, 1000000.0, 0.9
47, 22.391, 8.103, 1000000.0, 0.9
48, 22.313, 8.040, 1000000.0, 0.9
49, 22.325, 8.058, 1000000.0, 0.9
50, 22.328, 8.054, 1000000.0, 0.9
51, 22.204, 8.059, 1000000.0, 0.9
52, 22.361, 8.162, 1000000.0, 0.9
53, 22.361, 8.162, 1000000.0, 0.9
54, 22.361, 8.162, 1000000.0, 0.9
55, 22.361, 8.162, 1000000.0, 0.9
56, 22.361, 8.162, 1000000.0, 0.9
57, 22.392, 8.165, 1000000.0, 0.9
58, 21.808, 7.906, 1000000.0, 0.9
59, 21.834, 7.917, 1000000.0, 0.9
60, 21.827, 7.915, 1000000.0, 0.9
61, 21.752, 7.909, 1000000.0, 0.9
62, 22.054, 7.973, 1000000.0, 0.9
63, 23.511, 8.368, 1000000.0, 0.9
64, 22.492, 8.122, 1000000.0, 0.9
65, 22.520, 8.123, 1000000.0, 0.9
66, 22.622, 8.174, 1000000.0, 0.9
67, 22.861, 8.312, 1000000.0, 0.9
68, 22.792, 8.260, 1000000.0, 0.9
69, 22.792, 8.260, 1000000.0, 0.9
70, 22.792, 8.260, 1000000.0, 0.9
71, 24.828, 8.896, 1000000.0, 0.9
72, 24.848, 8.899, 1000000.0, 0.9
73, 24.845, 8.899, 1000000.0, 0.9
74, 24.998, 8.985, 1000000.0, 0.9
75, 24.998, 8.985, 1000000.0, 0.9
76, 23.323, 8.467, 1000000.0, 0.9
77, 23.326, 8.468, 1000000.0, 0.9
78, 23.326, 8.468, 1000000.0, 0.9
79, 23.211, 8.540, 1000000.0, 0.9
80, 23.141, 8.511, 1000000.0, 0.9
81, 23.432, 8.535, 1000000.0, 0.9
82, 23.512, 8.546, 1000000.0, 0.9
83, 23.507, 8.541, 1000000.0, 0.9
84, 23.627, 8.579, 1000000.0, 0.9
85, 23.627, 8.578, 1000000.0, 0.9
86, 23.619, 8.576, 1000000.0, 0.9
87, 24.018, 8.651, 1000000.0, 0.9
88, 24.176, 8.722, 1000000.0, 0.9
89, 24.176, 8.722, 1000000.0, 0.9
90, 24.004, 8.635, 1000000.0, 0.9
91, 23.721, 8.702, 1000000.0, 0.9
92, 23.736, 8.709, 1000000.0, 0.9
93, 23.736, 8.709, 1000000.0, 0.9
94, 23.709, 8.690, 1000000.0, 0.9
95, 23.826, 8.766, 1000000.0, 0.9
96, 23.772, 8.731, 1000000.0, 0.9
97, 25.141, 9.100, 1000000.0, 0.9
98, 25.142, 9.100, 1000000.0, 0.9
99, 25.140, 9.100, 1000000.0, 0.9
100, 25.140, 9.100, 1000000.0, 0.9
101, 25.110, 9.079, 1000000.0, 0.9
102, 24.667, 8.950, 1000000.0, 0.9
103, 24.534, 8.914, 1000000.0, 0.9
104, 24.536, 8.914, 1000000.0, 0.9
105, 25.044, 8.945, 1000000.0, 0.9
106, 25.035, 8.956, 1000000.0, 0.9
107, 25.076, 9.004, 1000000.0, 0.9
108, 25.115, 9.021, 1000000.0, 0.9
109, 25.189, 9.055, 1000000.0, 0.9
110, 24.877, 8.897, 1000000.0, 0.9
111, 24.880, 8.897, 1000000.0, 0.9
112, 24.880, 8.897, 1000000.0, 0.9
113, 24.882, 8.897, 1000000.0, 0.9
114, 25.864, 9.062, 1000000.0, 0.9
115, 25.860, 9.059, 1000000.0, 0.9
116, 25.860, 9.059, 1000000.0, 0.9
117, 25.860, 9.059, 1000000.0, 0.9
118, 25.838, 9.055, 1000000.0, 0.9
119, 25.847, 9.060, 1000000.0, 0.9
120, 25.868, 9.068, 1000000.0, 0.9
121, 25.868, 9.068, 1000000.0, 0.9
122, 25.867, 9.068, 1000000.0, 0.9
123, 25.834, 9.036, 1000000.0, 0.9
124, 25.821, 9.034, 1000000.0, 0.9
125, 26.064, 9.161, 1000000.0, 0.9
126, 26.066, 9.161, 1000000.0, 0.9
127, 26.066, 9.161, 1000000.0, 0.9
128, 21.847, 8.329, 1000000.0, 0.9
129, 21.769, 8.275, 1000000.0, 0.9
130, 21.714, 8.244, 1000000.0, 0.9
131, 21.714, 8.244, 1000000.0, 0.9
132, 21.713, 8.244, 1000000.0, 0.9
133, 21.715, 8.244, 1000000.0, 0.9
134, 21.749, 8.557, 1000000.0, 0.9
135, 21.749, 8.557, 1000000.0, 0.9
136, 22.079, 8.746, 1000000.0, 0.9
137, 21.935, 8.673, 1000000.0, 0.9
138, 21.984, 8.699, 1000000.0, 0.9
139, 21.966, 8.641, 1000000.0, 0.9
140, 21.880, 8.607, 1000000.0, 0.9
141, 23.190, 8.728, 1000000.0, 0.9
142, 23.190, 8.728, 1000000.0, 0.9
143, 23.102, 8.684, 1000000.0, 0.9
144, 23.418, 9.099, 1000000.0, 0.9
145, 23.417, 9.099, 1000000.0, 0.9
146, 23.417, 9.099, 1000000.0, 0.9
147, 23.408, 9.095, 1000000.0, 0.9
148, 23.186, 8.618, 1000000.0, 0.9
149, 23.379, 8.690, 1000000.0, 0.9
150, 23.248, 8.074, 1000000.0, 0.9
151, 23.248, 8.074, 1000000.0, 0.9
152, 25.565, 11.351, 1000000.0, 0.9
153, 25.565, 11.351, 1000000.0, 0.9
154, 25.444, 11.304, 1000000.0, 0.9
155, 25.439, 11.302, 1000000.0, 0.9
156, 25.436, 11.287, 1000000.0, 0.9
157, 27.920, 12.923, 1000000.0, 0.9
158, 27.977, 12.944, 1000000.0, 0.9
159, 27.999, 12.954, 1000000.0, 0.9
160, 28.000, 12.954, 1000000.0, 0.9
161, 28.000, 12.954, 1000000.0, 0.9
162, 26.621, 12.058, 1000000.0, 0.9
163, 26.721, 12.092, 1000000.0, 0.9
164, 26.722, 12.098, 1000000.0, 0.9
165, 28.012, 12.904, 1000000.0, 0.9
166, 27.960, 12.899, 1000000.0, 0.9
167, 27.960, 12.899, 1000000.0, 0.9
168, 27.960, 12.899, 1000000.0, 0.9
169, 27.970, 12.905, 1000000.0, 0.9
170, 28.750, 13.357, 1000000.0, 0.9
171, 28.651, 13.320, 1000000.0, 0.9
172, 28.652, 13.320, 1000000.0, 0.9
173, 25.404, 10.120, 1000000.0, 0.9
174, 31.297, 14.316, 1000000.0, 0.9
175, 31.296, 14.316, 1000000.0, 0.9
176, 30.197, 13.443, 1000000.0, 0.9
177, 36.340, 16.930, 1000000.0, 0.9
178, 30.112, 13.404, 1000000.0, 0.9
179, 30.114, 13.405, 1000000.0, 0.9
180, 30.114, 13.405, 1000000.0, 0.9
181, 30.125, 13.409, 1000000.0, 0.9
182, 30.131, 13.410, 1000000.0, 0.9
183, 30.131, 13.410, 1000000.0, 0.9
184, 30.681, 13.739, 1000000.0, 0.9
185, 30.690, 13.744, 1000000.0, 0.9
186, 26.743, 11.266, 1000000.0, 0.9
187, 23.733, 9.224, 1000000.0, 0.9
188, 23.743, 9.225, 1000000.0, 0.9
189, 23.609, 9.252, 1000000.0, 0.9
190, 23.897, 9.381, 1000000.0, 0.9
191, 24.451, 9.658, 1000000.0, 0.9
192, 24.451, 9.658, 1000000.0, 0.9
193, 24.236, 9.571, 1000000.0, 0.9
194, 24.172, 9.401, 1000000.0, 0.9
195, 24.135, 9.402, 1000000.0, 0.9
196, 24.135, 9.402, 1000000.0, 0.9
197, 23.093, 8.892, 1000000.0, 0.9
198, 23.095, 8.893, 1000000.0, 0.9
199, 25.861, 10.824, 1000000.0, 0.9
200, 24.243, 9.324, 1000000.0, 0.9
201, 22.778, 8.722, 1000000.0, 0.9
202, 22.793, 8.739, 1000000.0, 0.9
203, 22.346, 8.557, 1000000.0, 0.9
204, 22.426, 8.585, 1000000.0, 0.9
205, 22.425, 8.583, 1000000.0, 0.9
206, 22.437, 8.588, 1000000.0, 0.9
207, 22.333, 8.522, 1000000.0, 0.9
208, 22.240, 8.437, 1000000.0, 0.9
209, 22.378, 8.499, 1000000.0, 0.9
210, 22.252, 8.221, 1000000.0, 0.9
211, 23.286, 8.802, 1000000.0, 0.9
212, 22.252, 8.221, 1000000.0, 0.9
213, 22.251, 8.221, 1000000.0, 0.9
214, 22.268, 8.227, 1000000.0, 0.9
215, 22.387, 8.295, 1000000.0, 0.9
216, 21.630, 7.855, 1000000.0, 0.9
217, 21.627, 7.855, 1000000.0, 0.9
218, 21.627, 7.855, 1000000.0, 0.9
219, 21.651, 7.865, 1000000.0, 0.9
220, 21.697, 7.697, 1000000.0, 0.9
221, 21.653, 7.867, 1000000.0, 0.9
222, 21.716, 7.870, 1000000.0, 0.9
223, 21.653, 7.867, 1000000.0, 0.9
224, 21.653, 7.867, 1000000.0, 0.9
225, 21.653, 7.867, 1000000.0, 0.9
226, 21.770, 7.930, 1000000.0, 0.9
227, 21.689, 7.875, 1000000.0, 0.9
228, 21.578, 8.241, 1000000.0, 0.9
229, 21.595, 8.242, 1000000.0, 0.9
230, 21.578, 8.241, 1000000.0, 0.9
231, 21.578, 8.241, 1000000.0, 0.9
232, 21.605, 8.242, 1000000.0, 0.9
233, 21.880, 7.940, 1000000.0, 0.9
234, 21.576, 8.241, 1000000.0, 0.9
235, 21.415, 8.083, 1000000.0, 0.9
236, 21.411, 8.078, 1000000.0, 0.9
237, 21.523, 8.166, 1000000.0, 0.9
238, 21.727, 8.530, 1000000.0, 0.9
239, 21.411, 8.078, 1000000.0, 0.9
240, 21.413, 8.079, 1000000.0, 0.9
241, 21.426, 8.085, 1000000.0, 0.9
242, 21.413, 8.079, 1000000.0, 0.9
243, 20.973, 7.826, 1000000.0, 0.9
244, 20.973, 7.826, 1000000.0, 0.9
245, 21.012, 7.850, 1000000.0, 0.9
246, 20.979, 7.827, 1000000.0, 0.9
247, 20.980, 7.827, 1000000.0, 0.9
248, 20.980, 7.827, 1000000.0, 0.9
249, 20.978, 7.827, 1000000.0, 0.9
250, 20.980, 7.829, 1000000.0, 0.9
251, 22.355, 8.766, 1000000.0, 0.9
252, 21.263, 8.021, 1000000.0, 0.9
253, 21.320, 8.076, 1000000.0, 0.9
254, 20.985, 7.829, 1000000.0, 0.9
255, 21.185, 7.945, 1000000.0, 0.9
256, 20.978, 7.827, 1000000.0, 0.9
257, 20.978, 7.827, 1000000.0, 0.9
258, 20.996, 7.682, 1000000.0, 0.9
259, 20.978, 7.827, 1000000.0, 0.9
260, 21.035, 7.741, 1000000.0, 0.9
261, 21.080, 7.901, 1000000.0, 0.9
262, 20.981, 7.829, 1000000.0, 0.9
263, 20.924, 7.789, 1000000.0, 0.9
264, 20.917, 7.735, 1000000.0, 0.9
265, 20.916, 7.730, 1000000.0, 0.9
266, 22.325, 9.029, 1000000.0, 0.9
267, 20.995, 7.974, 1000000.0, 0.9
268, 20.915, 7.730, 1000000.0, 0.9
269, 20.922, 7.938, 1000000.0, 0.9
270, 20.915, 7.730, 1000000.0, 0.9
271, 20.987, 7.355, 1000000.0, 0.9
272, 20.916, 7.730, 1000000.0, 0.9
273, 20.921, 7.737, 1000000.0, 0.9
274, 21.165, 7.455, 1000000.0, 0.9
275, 21.056, 7.532, 1000000.0, 0.9
276, 20.615, 7.728, 1000000.0, 0.9
277, 20.615, 7.759, 1000000.0, 0.9
278, 20.604, 7.724, 1000000.0, 0.9
279, 20.604, 7.724, 1000000.0, 0.9
280, 20.589, 7.721, 1000000.0, 0.9
281, 20.594, 7.723, 1000000.0, 0.9
282, 20.587, 8.455, 1000000.0, 0.9
283, 20.652, 8.572, 1000000.0, 0.9
284, 20.624, 8.543, 1000000.0, 0.9
285, 20.586, 8.455, 1000000.0, 0.9
286, 20.586, 8.455, 1000000.0, 0.9
287, 20.578, 8.453, 1000000.0, 0.9
288, 20.530, 8.390, 1000000.0, 0.9
289, 20.529, 8.388, 1000000.0, 0.9
290, 20.529, 8.388, 1000000.0, 0.9
291, 20.529, 8.388, 1000000.0, 0.9
292, 20.529, 8.388, 1000000.0, 0.9
293, 20.182, 7.970, 1000000.0, 0.9
294, 20.214, 8.054, 1000000.0, 0.9
295, 20.184, 7.965, 1000000.0, 0.9
296, 20.165, 7.905, 1000000.0, 0.9
297, 20.165, 7.905, 1000000.0, 0.9
298, 20.165, 7.905, 1000000.0, 0.9
299, 20.330, 7.536, 1000000.0, 0.9
300, 20.103, 7.592, 1000000.0, 0.9
301, 20.103, 7.592, 1000000.0, 0.9
302, 20.090, 7.607, 1000000.0, 0.9
303, 20.856, 7.275, 1000000.0, 0.9
304, 20.084, 7.770, 1000000.0, 0.9
305, 20.180, 8.220, 1000000.0, 0.9
306, 20.098, 7.776, 1000000.0, 0.9
307, 20.084, 7.770, 1000000.0, 0.9
308, 20.095, 7.873, 1000000.0, 0.9
309, 20.078, 7.791, 1000000.0, 0.9
310, 20.277, 7.792, 1000000.0, 0.9
311, 20.202, 7.744, 1000000.0, 0.9
312, 20.070, 7.794, 1000000.0, 0.9
313, 20.067, 7.780, 1000000.0, 0.9
314, 20.067, 7.780, 1000000.0, 0.9
315, 20.067, 7.780, 1000000.0, 0.9
316, 20.067, 7.780, 1000000.0, 0.9
317, 20.067, 7.780, 1000000.0, 0.9
318, 20.067, 7.780, 1000000.0, 0.9
319, 20.044, 7.798, 1000000.0, 0.9
320, 20.024, 7.800, 1000000.0, 0.9
321, 20.024, 7.800, 1000000.0, 0.9
322, 20.024, 7.799, 1000000.0, 0.9
323, 20.024, 7.799, 1000000.0, 0.9
324, 20.024, 7.798, 1000000.0, 0.9
325, 20.024, 7.798, 1000000.0, 0.9
326, 20.024, 7.798, 1000000.0, 0.9
327, 20.036, 7.804, 1000000.0, 0.9
328, 20.020, 7.797, 1000000.0, 0.9
329, 21.201, 7.875, 1000000.0, 0.9
330, 20.026, 7.796, 1000000.0, 0.9
331, 20.020, 7.797, 1000000.0, 0.9
332, 20.020, 7.797, 1000000.0, 0.9
333, 20.020, 7.797, 1000000.0, 0.9
334, 20.030, 7.797, 1000000.0, 0.9
335, 20.353, 7.871, 1000000.0, 0.9
336, 20.020, 7.797, 1000000.0, 0.9
337, 20.018, 7.795, 1000000.0, 0.9
338, 20.029, 7.786, 1000000.0, 0.9
339, 20.018, 7.795, 1000000.0, 0.9
340, 20.021, 7.791, 1000000.0, 0.9
341, 20.665, 7.742, 1000000.0, 0.9
342, 20.027, 7.807, 1000000.0, 0.9
343, 19.989, 7.791, 1000000.0, 0.9
344, 19.989, 7.791, 1000000.0, 0.9
345, 19.955, 7.777, 1000000.0, 0.9
346, 19.953, 7.774, 1000000.0, 0.9
347, 19.933, 7.768, 1000000.0, 0.9
348, 19.933, 7.768, 1000000.0, 0.9
349, 19.944, 7.757, 1000000.0, 0.9
350, 19.849, 7.738, 1000000.0, 0.9
351, 19.870, 7.738, 1000000.0, 0.9
352, 19.826, 7.761, 1000000.0, 0.9
353, 19.808, 7.760, 1000000.0, 0.9
354, 19.808, 7.760, 1000000.0, 0.9
355, 20.240, 7.535, 1000000.0, 0.9
356, 19.805, 7.760, 1000000.0, 0.9
357, 19.785, 7.751, 1000000.0, 0.9
358, 19.830, 7.765, 1000000.0, 0.9
359, 19.797, 7.744, 1000000.0, 0.9
360, 19.785, 7.750, 1000000.0, 0.9
361, 19.785, 7.751, 1000000.0, 0.9
362, 19.785, 7.751, 1000000.0, 0.9
363, 19.798, 7.758, 1000000.0, 0.9
364, 19.785, 7.751, 1000000.0, 0.9
365, 19.811, 7.738, 1000000.0, 0.9
366, 19.781, 7.754, 1000000.0, 0.9
367, 19.781, 7.754, 1000000.0, 0.9
368, 19.799, 7.829, 1000000.0, 0.9
369, 19.785, 7.756, 1000000.0, 0.9
370, 19.781, 7.754, 1000000.0, 0.9
371, 19.898, 7.705, 1000000.0, 0.9
372, 19.785, 7.755, 1000000.0, 0.9
373, 19.834, 7.776, 1000000.0, 0.9
374, 19.782, 7.754, 1000000.0, 0.9
375, 19.811, 7.770, 1000000.0, 0.9
376, 19.825, 7.721, 1000000.0, 0.9
377, 19.785, 7.755, 1000000.0, 0.9
378, 19.780, 7.754, 1000000.0, 0.9
379, 19.758, 7.752, 1000000.0, 0.9
380, 19.735, 7.742, 1000000.0, 0.9
381, 19.800, 7.825, 1000000.0, 0.9
382, 19.736, 7.742, 1000000.0, 0.9
383, 19.750, 7.749, 1000000.0, 0.9
384, 19.747, 7.749, 1000000.0, 0.9
385, 19.749, 7.753, 1000000.0, 0.9
386, 19.735, 7.742, 1000000.0, 0.9
387, 19.736, 7.739, 1000000.0, 0.9
388, 19.756, 7.744, 1000000.0, 0.9
389, 19.748, 7.748, 1000000.0, 0.9
390, 19.696, 7.770, 1000000.0, 0.9
391, 19.665, 7.753, 1000000.0, 0.9
392, 19.668, 7.753, 1000000.0, 0.9
393, 19.669, 7.753, 1000000.0, 0.9
394, 19.656, 7.790, 1000000.0, 0.9
395, 19.656, 7.790, 1000000.0, 0.9
396, 19.652, 7.790, 1000000.0, 0.9
397, 19.665, 7.886, 1000000.0, 0.9
398, 19.652, 7.790, 1000000.0, 0.9
399, 19.626, 7.789, 1000000.0, 0.9
400, 19.619, 7.788, 1000000.0, 0.9
401, 19.624, 7.783, 1000000.0, 0.9
402, 19.628, 7.789, 1000000.0, 0.9
403, 19.664, 7.729, 1000000.0, 0.9
404, 19.627, 7.794, 1000000.0, 0.9
405, 19.747, 7.912, 1000000.0, 0.9
406, 19.674, 8.157, 1000000.0, 0.9
407, 19.632, 7.779, 1000000.0, 0.9
408, 19.619, 7.788, 1000000.0, 0.9
409, 20.760, 7.779, 1000000.0, 0.9
410, 19.619, 7.788, 1000000.0, 0.9
411, 19.638, 8.071, 1000000.0, 0.9
412, 19.623, 7.783, 1000000.0, 0.9
413, 19.715, 7.916, 1000000.0, 0.9
414, 19.431, 8.197, 1000000.0, 0.9
415, 19.526, 8.290, 1000000.0, 0.9
416, 19.446, 8.204, 1000000.0, 0.9
417, 19.431, 8.197, 1000000.0, 0.9
418, 19.446, 8.198, 1000000.0, 0.9
419, 19.493, 8.200, 1000000.0, 0.9
420, 19.431, 8.197, 1000000.0, 0.9
421, 20.085, 8.694, 1000000.0, 0.9
422, 19.431, 8.197, 1000000.0, 0.9
423, 19.548, 8.310, 1000000.0, 0.9
424, 19.431, 8.197, 1000000.0, 0.9
425, 19.571, 8.347, 1000000.0, 0.9
426, 19.322, 8.110, 1000000.0, 0.9
427, 19.227, 7.968, 1000000.0, 0.9
428, 19.227, 7.968, 1000000.0, 0.9
429, 19.498, 7.520, 1000000.0, 0.9
430, 19.240, 7.970, 1000000.0, 0.9
431, 19.230, 7.951, 1000000.0, 0.9
432, 19.283, 7.898, 1000000.0, 0.9
433, 19.658, 7.513, 1000000.0, 0.9
434, 19.223, 7.969, 1000000.0, 0.9
435, 19.220, 7.972, 1000000.0, 0.9
436, 19.199, 7.846, 1000000.0, 0.9
437, 19.199, 7.846, 1000000.0, 0.9
438, 19.187, 7.846, 1000000.0, 0.9
439, 19.185, 7.846, 1000000.0, 0.9
440, 19.204, 7.369, 1000000.0, 0.9
441, 19.185, 7.846, 1000000.0, 0.9
442, 19.180, 7.846, 1000000.0, 0.9
443, 19.169, 7.845, 1000000.0, 0.9
444, 19.231, 7.570, 1000000.0, 0.9
445, 19.186, 8.010, 1000000.0, 0.9
446, 19.170, 7.845, 1000000.0, 0.9
447, 19.169, 7.845, 1000000.0, 0.9
448, 19.164, 7.842, 1000000.0, 0.9
449, 19.177, 7.809, 1000000.0, 0.9
450, 19.164, 7.842, 1000000.0, 0.9
451, 19.275, 8.017, 1000000.0, 0.9
452, 19.151, 7.799, 1000000.0, 0.9
453, 19.173, 7.793, 1000000.0, 0.9
454, 19.152, 7.799, 1000000.0, 0.9
455, 19.159, 7.796, 1000000.0, 0.9
456, 19.163, 7.810, 1000000.0, 0.9
457, 19.175, 7.802, 1000000.0, 0.9
458, 19.301, 7.792, 1000000.0, 0.9
459, 19.150, 7.799, 1000000.0, 0.9
460, 19.153, 7.808, 1000000.0, 0.9
461, 19.150, 7.799, 1000000.0, 0.9
462, 19.150, 7.799, 1000000.0, 0.9
463, 19.150, 7.799, 1000000.0, 0.9
464, 19.233, 7.858, 1000000.0, 0.9
465, 19.358, 7.772, 1000000.0, 0.9
466, 19.153, 7.799, 1000000.0, 0.9
467, 20.730, 9.252, 1000000.0, 0.9
468, 19.150, 7.799, 1000000.0, 0.9
469, 19.153, 7.800, 1000000.0, 0.9
470, 19.343, 7.449, 1000000.0, 0.9
471, 19.161, 7.496, 1000000.0, 0.9
472, 19.159, 7.673, 1000000.0, 0.9
473, 19.150, 7.799, 1000000.0, 0.9
474, 19.072, 7.662, 1000000.0, 0.9
475, 19.161, 7.855, 1000000.0, 0.9
476, 19.181, 7.487, 1000000.0, 0.9
477, 19.117, 7.656, 1000000.0, 0.9
478, 19.082, 7.656, 1000000.0, 0.9
479, 19.049, 7.662, 1000000.0, 0.9
480, 19.036, 7.683, 1000000.0, 0.9
481, 19.048, 7.700, 1000000.0, 0.9
482, 19.040, 7.690, 1000000.0, 0.9
483, 19.051, 7.676, 1000000.0, 0.9
484, 19.036, 7.683, 1000000.0, 0.9
485, 19.035, 7.676, 1000000.0, 0.9
486, 19.034, 7.676, 1000000.0, 0.9
487, 18.999, 7.592, 1000000.0, 0.9
488, 18.999, 7.592, 1000000.0, 0.9
489, 19.400, 7.226, 1000000.0, 0.9
490, 18.996, 7.594, 1000000.0, 0.9
491, 19.210, 7.593, 1000000.0, 0.9
492, 19.044, 7.605, 1000000.0, 0.9
493, 18.999, 7.594, 1000000.0, 0.9
494, 18.996, 7.594, 1000000.0, 0.9
495, 19.014, 7.527, 1000000.0, 0.9
496, 18.993, 7.594, 1000000.0, 0.9
497, 19.000, 7.594, 1000000.0, 0.9
498, 18.996, 7.594, 1000000.0, 0.9
499, 18.978, 7.622, 1000000.0, 0.9
500, 18.982, 7.622, 1000000.0, 0.9
501, 18.975, 7.623, 1000000.0, 0.9
502, 18.977, 7.628, 1000000.0, 0.9
503, 18.975, 7.623, 1000000.0, 0.9
504, 18.980, 7.624, 1000000.0, 0.9
505, 18.984, 7.633, 1000000.0, 0.9
506, 18.971, 7.623, 1000000.0, 0.9
507, 19.018, 7.548, 1000000.0, 0.9
508, 18.971, 7.623, 1000000.0, 0.9
509, 18.972, 7.623, 1000000.0, 0.9
510, 18.976, 7.620, 1000000.0, 0.9
511, 18.972, 7.624, 1000000.0, 0.9
512, 18.971, 7.623, 1000000.0, 0.9
513, 18.971, 7.623, 1000000.0, 0.9
514, 18.971, 7.623, 1000000.0, 0.9
515, 19.054, 7.800, 1000000.0, 0.9
516, 18.968, 7.619, 1000000.0, 0.9
517, 18.987, 7.617, 1000000.0, 0.9
518, 18.968, 7.619, 1000000.0, 0.9
519, 18.970, 7.617, 1000000.0, 0.9
520, 18.919, 7.620, 1000000.0, 0.9
521, 18.918, 7.626, 1000000.0, 0.9
522, 19.283, 7.348, 1000000.0, 0.9
523, 18.919, 7.626, 1000000.0, 0.9
524, 18.920, 7.624, 1000000.0, 0.9
525, 18.918, 7.626, 1000000.0, 0.9
526, 18.923, 7.629, 1000000.0, 0.9
527, 18.921, 7.626, 1000000.0, 0.9
528, 18.920, 7.626, 1000000.0, 0.9
529, 18.919, 7.627, 1000000.0, 0.9
530, 19.480, 8.268, 1000000.0, 0.9
531, 18.918, 7.627, 1000000.0, 0.9
532, 18.918, 7.626, 1000000.0, 0.9
533, 19.260, 7.359, 1000000.0, 0.9
534, 18.918, 7.626, 1000000.0, 0.9
535, 18.969, 7.561, 1000000.0, 0.9
536, 18.921, 7.625, 1000000.0, 0.9
537, 19.283, 7.350, 1000000.0, 0.9
538, 18.892, 7.627, 1000000.0, 0.9
539, 18.928, 7.605, 1000000.0, 0.9
540, 18.892, 7.627, 1000000.0, 0.9
541, 18.897, 7.627, 1000000.0, 0.9
542, 18.951, 7.595, 1000000.0, 0.9
543, 18.892, 7.627, 1000000.0, 0.9
544, 18.891, 7.625, 1000000.0, 0.9
545, 18.892, 7.626, 1000000.0, 0.9
546, 18.893, 7.623, 1000000.0, 0.9
547, 18.983, 7.393, 1000000.0, 0.9
548, 19.027, 7.517, 1000000.0, 0.9
549, 18.918, 7.674, 1000000.0, 0.9
550, 18.891, 7.625, 1000000.0, 0.9
551, 18.914, 7.622, 1000000.0, 0.9
552, 18.897, 7.625, 1000000.0, 0.9
553, 18.913, 7.575, 1000000.0, 0.9
554, 18.972, 7.407, 1000000.0, 0.9
555, 18.891, 7.625, 1000000.0, 0.9
556, 18.891, 7.624, 1000000.0, 0.9
557, 18.902, 7.610, 1000000.0, 0.9
558, 18.901, 7.626, 1000000.0, 0.9
559, 19.027, 7.625, 1000000.0, 0.9
560, 18.895, 7.625, 1000000.0, 0.9
561, 18.914, 7.620, 1000000.0, 0.9
562, 19.322, 7.346, 1000000.0, 0.9
563, 19.225, 7.053, 1000000.0, 0.9
564, 19.637, 8.320, 1000000.0, 0.9
565, 18.891, 7.624, 1000000.0, 0.9
566, 18.891, 7.624, 1000000.0, 0.9
567, 18.900, 7.624, 1000000.0, 0.9
568, 18.891, 7.624, 1000000.0, 0.9
569, 18.891, 7.623, 1000000.0, 0.9
570, 19.164, 7.968, 1000000.0, 0.9
571, 18.906, 7.617, 1000000.0, 0.9
572, 18.897, 7.625, 1000000.0, 0.9
573, 18.903, 7.623, 1000000.0, 0.9
574, 18.891, 7.623, 1000000.0, 0.9
575, 19.690, 7.369, 1000000.0, 0.9
576, 18.891, 7.623, 1000000.0, 0.9
577, 18.891, 7.623, 1000000.0, 0.9
578, 18.891, 7.624, 1000000.0, 0.9
579, 18.886, 7.623, 1000000.0, 0.9
580, 18.889, 7.624, 1000000.0, 0.9
581, 18.836, 7.473, 1000000.0, 0.9
582, 18.846, 7.471, 1000000.0, 0.9
583, 18.838, 7.474, 1000000.0, 0.9
584, 18.828, 7.473, 1000000.0, 0.9
585, 18.828, 7.475, 1000000.0, 0.9
586, 18.866, 7.410, 1000000.0, 0.9
587, 18.821, 7.474, 1000000.0, 0.9
588, 18.821, 7.473, 1000000.0, 0.9
589, 18.846, 7.473, 1000000.0, 0.9
590, 18.821, 7.473, 1000000.0, 0.9
591, 18.820, 7.474, 1000000.0, 0.9
592, 18.837, 7.473, 1000000.0, 0.9
593, 18.820, 7.474, 1000000.0, 0.9
594, 18.838, 7.472, 1000000.0, 0.9
595, 18.820, 7.474, 1000000.0, 0.9
596, 18.820, 7.474, 1000000.0, 0.9
597, 18.835, 7.493, 1000000.0, 0.9
598, 18.824, 7.474, 1000000.0, 0.9
599, 19.681, 7.404, 1000000.0, 0.9
600, 18.935, 7.781, 1000000.0, 0.9
601, 18.782, 7.523, 1000000.0, 0.9
602, 19.471, 7.251, 1000000.0, 0.9
603, 18.782, 7.523, 1000000.0, 0.9
604, 18.778, 7.524, 1000000.0, 0.9
605, 18.786, 7.559, 1000000.0, 0.9
606, 18.778, 7.524, 1000000.0, 0.9
607, 18.798, 7.517, 1000000.0, 0.9
608, 18.791, 7.526, 1000000.0, 0.9
609, 18.973, 7.839, 1000000.0, 0.9
610, 18.777, 7.524, 1000000.0, 0.9
611, 18.811, 7.526, 1000000.0, 0.9
612, 18.778, 7.524, 1000000.0, 0.9
613, 18.783, 7.524, 1000000.0, 0.9
614, 19.295, 8.293, 1000000.0, 0.9
615, 19.039, 7.868, 1000000.0, 0.9
616, 18.781, 7.522, 1000000.0, 0.9
617, 18.785, 7.531, 1000000.0, 0.9
618, 19.387, 7.360, 1000000.0, 0.9
619, 18.778, 7.521, 1000000.0, 0.9
620, 18.778, 7.519, 1000000.0, 0.9
621, 19.173, 7.494, 1000000.0, 0.9
622, 18.786, 7.474, 1000000.0, 0.9
623, 18.783, 7.491, 1000000.0, 0.9
624, 18.783, 7.520, 1000000.0, 0.9
625, 18.783, 7.524, 1000000.0, 0.9
626, 18.842, 7.448, 1000000.0, 0.9
627, 18.788, 7.524, 1000000.0, 0.9
628, 18.829, 7.523, 1000000.0, 0.9
629, 18.777, 7.524, 1000000.0, 0.9
630, 18.947, 7.531, 1000000.0, 0.9
631, 18.772, 7.609, 1000000.0, 0.9
632, 18.776, 7.616, 1000000.0, 0.9
633, 19.422, 8.055, 1000000.0, 0.9
634, 18.780, 7.604, 1000000.0, 0.9
635, 18.764, 7.608, 1000000.0, 0.9
636, 18.801, 7.612, 1000000.0, 0.9
637, 18.762, 7.573, 1000000.0, 0.9
638, 18.766, 7.573, 1000000.0, 0.9
639, 18.845, 7.898, 1000000.0, 0.9
640, 19.265, 7.310, 1000000.0, 0.9
641, 18.762, 7.573, 1000000.0, 0.9
642, 18.791, 7.692, 1000000.0, 0.9
643, 18.798, 7.572, 1000000.0, 0.9
644, 19.003, 8.009, 1000000.0, 0.9
645, 18.761, 7.574, 1000000.0, 0.9
646, 18.825, 7.483, 1000000.0, 0.9
647, 18.765, 7.579, 1000000.0, 0.9
648, 18.733, 7.574, 1000000.0, 0.9
649, 18.751, 7.531, 1000000.0, 0.9
650, 18.771, 7.582, 1000000.0, 0.9
651, 18.733, 7.574, 1000000.0, 0.9
652, 18.733, 7.574, 1000000.0, 0.9
653, 18.733, 7.573, 1000000.0, 0.9
654, 18.733, 7.574, 1000000.0, 0.9
655, 18.737, 7.575, 1000000.0, 0.9
656, 18.733, 7.574, 1000000.0, 0.9
657, 18.732, 7.574, 1000000.0, 0.9
658, 18.724, 7.616, 1000000.0, 0.9
659, 18.724, 7.617, 1000000.0, 0.9
660, 18.712, 7.537, 1000000.0, 0.9
661, 18.708, 7.526, 1000000.0, 0.9
662, 18.718, 7.441, 1000000.0, 0.9
663, 18.711, 7.526, 1000000.0, 0.9
664, 18.716, 7.533, 1000000.0, 0.9
665, 18.754, 7.578, 1000000.0, 0.9
666, 18.746, 7.676, 1000000.0, 0.9
667, 18.724, 7.525, 1000000.0, 0.9
668, 19.654, 8.630, 1000000.0, 0.9
669, 18.747, 7.584, 1000000.0, 0.9
670, 18.707, 7.525, 1000000.0, 0.9
671, 18.746, 7.530, 1000000.0, 0.9
672, 18.725, 7.526, 1000000.0, 0.9
673, 18.716, 7.526, 1000000.0, 0.9
674, 18.694, 7.516, 1000000.0, 0.9
675, 18.705, 7.514, 1000000.0, 0.9
676, 18.701, 7.523, 1000000.0, 0.9
677, 18.694, 7.516, 1000000.0, 0.9
678, 18.694, 7.517, 1000000.0, 0.9
679, 18.683, 7.516, 1000000.0, 0.9
680, 18.684, 7.514, 1000000.0, 0.9
681, 18.684, 7.516, 1000000.0, 0.9
682, 18.684, 7.510, 1000000.0, 0.9
683, 18.683, 7.465, 1000000.0, 0.9
684, 18.803, 7.783, 1000000.0, 0.9
685, 18.683, 7.516, 1000000.0, 0.9
686, 18.682, 7.516, 1000000.0, 0.9
687, 18.681, 7.515, 1000000.0, 0.9
688, 18.724, 7.730, 1000000.0, 0.9
689, 18.723, 7.677, 1000000.0, 0.9
690, 18.690, 7.523, 1000000.0, 0.9
691, 19.039, 7.982, 1000000.0, 0.9
692, 18.685, 7.538, 1000000.0, 0.9
693, 18.681, 7.509, 1000000.0, 0.9
694, 18.673, 7.495, 1000000.0, 0.9
695, 18.692, 7.515, 1000000.0, 0.9
696, 18.680, 7.499, 1000000.0, 0.9
697, 18.694, 7.495, 1000000.0, 0.9
698, 18.673, 7.495, 1000000.0, 0.9
699, 18.724, 7.522, 1000000.0, 0.9
700, 18.649, 7.400, 1000000.0, 0.9
701, 18.649, 7.400, 1000000.0, 0.9
702, 18.652, 7.398, 1000000.0, 0.9
703, 18.649, 7.400, 1000000.0, 0.9
704, 18.660, 7.411, 1000000.0, 0.9
705, 19.488, 8.411, 1000000.0, 0.9
706, 18.652, 7.402, 1000000.0, 0.9
707, 18.660, 7.454, 1000000.0, 0.9
708, 18.663, 7.325, 1000000.0, 0.9
709, 18.649, 7.400, 1000000.0, 0.9
710, 18.761, 7.536, 1000000.0, 0.9
711, 18.659, 7.399, 1000000.0, 0.9
712, 18.666, 7.399, 1000000.0, 0.9
713, 18.649, 7.400, 1000000.0, 0.9
714, 18.636, 7.451, 1000000.0, 0.9
715, 18.641, 7.456, 1000000.0, 0.9
716, 18.637, 7.451, 1000000.0, 0.9
717, 18.652, 7.453, 1000000.0, 0.9
718, 18.672, 7.401, 1000000.0, 0.9
719, 18.659, 7.459, 1000000.0, 0.9
720, 18.634, 7.447, 1000000.0, 0.9
721, 18.634, 7.447, 1000000.0, 0.9
722, 18.730, 7.366, 1000000.0, 0.9
723, 18.647, 7.442, 1000000.0, 0.9
724, 18.633, 7.447, 1000000.0, 0.9
725, 18.632, 7.443, 1000000.0, 0.9
726, 18.770, 7.412, 1000000.0, 0.9
727, 18.617, 7.405, 1000000.0, 0.9
728, 18.617, 7.406, 1000000.0, 0.9
729, 18.617, 7.406, 1000000.0, 0.9
730, 18.598, 7.407, 1000000.0, 0.9
731, 18.598, 7.407, 1000000.0, 0.9
732, 18.601, 7.255, 1000000.0, 0.9
733, 18.617, 7.396, 1000000.0, 0.9
734, 18.598, 7.407, 1000000.0, 0.9
735, 18.602, 7.406, 1000000.0, 0.9
736, 18.756, 7.615, 1000000.0, 0.9
737, 18.598, 7.407, 1000000.0, 0.9
738, 19.308, 7.293, 1000000.0, 0.9
739, 18.598, 7.407, 1000000.0, 0.9
740, 18.615, 7.405, 1000000.0, 0.9
741, 18.599, 7.407, 1000000.0, 0.9
742, 19.096, 7.262, 1000000.0, 0.9
743, 18.591, 7.406, 1000000.0, 0.9
744, 18.589, 7.406, 1000000.0, 0.9
745, 18.621, 7.404, 1000000.0, 0.9
746, 18.596, 7.418, 1000000.0, 0.9
747, 18.592, 7.403, 1000000.0, 0.9
748, 18.589, 7.402, 1000000.0, 0.9
749, 18.589, 7.406, 1000000.0, 0.9
750, 18.589, 7.406, 1000000.0, 0.9
751, 18.601, 7.407, 1000000.0, 0.9
752, 18.589, 7.406, 1000000.0, 0.9
753, 19.147, 7.261, 1000000.0, 0.9
754, 18.587, 7.406, 1000000.0, 0.9
755, 18.588, 7.406, 1000000.0, 0.9
756, 18.573, 7.570, 1000000.0, 0.9
757, 18.594, 7.549, 1000000.0, 0.9
758, 18.574, 7.559, 1000000.0, 0.9
759, 18.588, 7.606, 1000000.0, 0.9
760, 18.573, 7.570, 1000000.0, 0.9
761, 18.828, 7.869, 1000000.0, 0.9
762, 18.576, 7.570, 1000000.0, 0.9
763, 18.580, 7.546, 1000000.0, 0.9
764, 18.468, 7.361, 1000000.0, 0.9
765, 18.468, 7.361, 1000000.0, 0.9
766, 18.463, 7.227, 1000000.0, 0.9
767, 18.484, 7.284, 1000000.0, 0.9
768, 19.304, 7.350, 1000000.0, 0.9
769, 18.503, 7.187, 1000000.0, 0.9
770, 18.624, 7.211, 1000000.0, 0.9
771, 18.463, 7.227, 1000000.0, 0.9
772, 18.488, 7.227, 1000000.0, 0.9
773, 18.463, 7.227, 1000000.0, 0.9
774, 18.448, 7.334, 1000000.0, 0.9
775, 18.448, 7.334, 1000000.0, 0.9
776, 18.448, 7.333, 1000000.0, 0.9
777, 18.448, 7.333, 1000000.0, 0.9
778, 18.444, 7.333, 1000000.0, 0.9
779, 18.444, 7.339, 1000000.0, 0.9
780, 18.462, 7.287, 1000000.0, 0.9
781, 18.450, 7.336, 1000000.0, 0.9
782, 18.456, 7.268, 1000000.0, 0.9
783, 18.449, 7.334, 1000000.0, 0.9
784, 18.599, 7.247, 1000000.0, 0.9
785, 18.646, 7.192, 1000000.0, 0.9
786, 18.445, 7.333, 1000000.0, 0.9
787, 18.426, 7.333, 1000000.0, 0.9
788, 18.426, 7.333, 1000000.0, 0.9
789, 18.433, 7.334, 1000000.0, 0.9
790, 18.516, 7.253, 1000000.0, 0.9
791, 18.511, 7.499, 1000000.0, 0.9
792, 18.425, 7.333, 1000000.0, 0.9
793, 18.421, 7.303, 1000000.0, 0.9
794, 18.421, 7.303, 1000000.0, 0.9
795, 18.417, 7.302, 1000000.0, 0.9
796, 18.422, 7.276, 1000000.0, 0.9
797, 18.417, 7.302, 1000000.0, 0.9
798, 18.423, 7.302, 1000000.0, 0.9
799, 18.423, 7.299, 1000000.0, 0.9
800, 18.417, 7.302, 1000000.0, 0.9
801, 18.417, 7.303, 1000000.0, 0.9
802, 18.726, 7.191, 1000000.0, 0.9
803, 18.416, 7.300, 1000000.0, 0.9
804, 18.416, 7.300, 1000000.0, 0.9
805, 18.509, 7.384, 1000000.0, 0.9
806, 18.412, 7.298, 1000000.0, 0.9
807, 18.502, 7.160, 1000000.0, 0.9
808, 18.419, 7.325, 1000000.0, 0.9
809, 18.424, 7.305, 1000000.0, 0.9
810, 18.412, 7.298, 1000000.0, 0.9
811, 18.406, 7.297, 1000000.0, 0.9
812, 18.534, 7.213, 1000000.0, 0.9
813, 18.404, 7.297, 1000000.0, 0.9
814, 18.380, 7.325, 1000000.0, 0.9
815, 18.475, 7.277, 1000000.0, 0.9
816, 18.386, 7.517, 1000000.0, 0.9
817, 18.385, 7.483, 1000000.0, 0.9
818, 18.379, 7.325, 1000000.0, 0.9
819, 18.384, 7.325, 1000000.0, 0.9
820, 18.379, 7.323, 1000000.0, 0.9
821, 18.379, 7.323, 1000000.0, 0.9
822, 18.430, 7.237, 1000000.0, 0.9
823, 18.426, 7.583, 1000000.0, 0.9
824, 18.380, 7.326, 1000000.0, 0.9
825, 18.487, 7.476, 1000000.0, 0.9
826, 18.395, 7.363, 1000000.0, 0.9
827, 18.387, 7.324, 1000000.0, 0.9
828, 18.371, 7.323, 1000000.0, 0.9
829, 18.402, 7.221, 1000000.0, 0.9
830, 18.389, 7.323, 1000000.0, 0.9
831, 18.388, 7.245, 1000000.0, 0.9
832, 18.718, 7.238, 1000000.0, 0.9
833, 18.371, 7.323, 1000000.0, 0.9
834, 18.371, 7.323, 1000000.0, 0.9
835, 18.387, 7.261, 1000000.0, 0.9
836, 18.371, 7.323, 1000000.0, 0.9
837, 18.357, 7.462, 1000000.0, 0.9
838, 18.357, 7.463, 1000000.0, 0.9
839, 18.356, 7.463, 1000000.0, 0.9
840, 18.415, 7.607, 1000000.0, 0.9
841, 18.394, 7.467, 1000000.0, 0.9
842, 18.361, 7.466, 1000000.0, 0.9
843, 18.567, 7.359, 1000000.0, 0.9
844, 18.357, 7.466, 1000000.0, 0.9
845, 18.351, 7.464, 1000000.0, 0.9
846, 18.916, 7.244, 1000000.0, 0.9
847, 18.371, 7.495, 1000000.0, 0.9
848, 18.351, 7.464, 1000000.0, 0.9
849, 18.846, 8.179, 1000000.0, 0.9
850, 18.351, 7.464, 1000000.0, 0.9
851, 18.357, 7.464, 1000000.0, 0.9
852, 18.402, 7.500, 1000000.0, 0.9
853, 18.431, 7.553, 1000000.0, 0.9
854, 18.351, 7.464, 1000000.0, 0.9
855, 18.351, 7.464, 1000000.0, 0.9
856, 18.369, 7.475, 1000000.0, 0.9
857, 18.329, 7.344, 1000000.0, 0.9
858, 18.548, 7.564, 1000000.0, 0.9
859, 18.333, 7.343, 1000000.0, 0.9
860, 18.322, 7.369, 1000000.0, 0.9
861, 18.322, 7.368, 1000000.0, 0.9
862, 18.376, 7.292, 1000000.0, 0.9
863, 18.442, 7.322, 1000000.0, 0.9
864, 18.322, 7.369, 1000000.0, 0.9
865, 18.344, 7.336, 1000000.0, 0.9
866, 18.387, 7.334, 1000000.0, 0.9
867, 18.322, 7.369, 1000000.0, 0.9
868, 18.322, 7.369, 1000000.0, 0.9
869, 18.397, 7.314, 1000000.0, 0.9
870, 18.502, 7.198, 1000000.0, 0.9
871, 18.482, 7.503, 1000000.0, 0.9
872, 18.312, 7.443, 1000000.0, 0.9
873, 18.512, 7.643, 1000000.0, 0.9
874, 18.360, 7.441, 1000000.0, 0.9
875, 18.337, 7.409, 1000000.0, 0.9
876, 18.344, 7.464, 1000000.0, 0.9
877, 18.306, 7.441, 1000000.0, 0.9
878, 18.305, 7.437, 1000000.0, 0.9
879, 18.305, 7.437, 1000000.0, 0.9
880, 18.324, 7.437, 1000000.0, 0.9
881, 18.305, 7.437, 1000000.0, 0.9
882, 18.339, 7.561, 1000000.0, 0.9
883, 18.305, 7.443, 1000000.0, 0.9
884, 18.310, 7.396, 1000000.0, 0.9
885, 18.415, 7.389, 1000000.0, 0.9
886, 18.327, 7.435, 1000000.0, 0.9
887, 18.406, 7.547, 1000000.0, 0.9
888, 18.324, 7.509, 1000000.0, 0.9
889, 18.339, 7.373, 1000000.0, 0.9
890, 18.336, 7.279, 1000000.0, 0.9
891, 18.304, 7.437, 1000000.0, 0.9
892, 18.304, 7.437, 1000000.0, 0.9
893, 18.304, 7.437, 1000000.0, 0.9
894, 18.307, 7.435, 1000000.0, 0.9
895, 18.304, 7.437, 1000000.0, 0.9
896, 18.537, 7.721, 1000000.0, 0.9
897, 18.299, 7.434, 1000000.0, 0.9
898, 18.302, 7.432, 1000000.0, 0.9
899, 18.299, 7.434, 1000000.0, 0.9
900, 18.324, 7.435, 1000000.0, 0.9
901, 18.299, 7.434, 1000000.0, 0.9
902, 18.301, 7.434, 1000000.0, 0.9
903, 18.299, 7.434, 1000000.0, 0.9
904, 18.730, 7.910, 1000000.0, 0.9
905, 18.317, 7.477, 1000000.0, 0.9
906, 18.309, 7.374, 1000000.0, 0.9
907, 18.299, 7.434, 1000000.0, 0.9
908, 18.299, 7.434, 1000000.0, 0.9
909, 18.299, 7.436, 1000000.0, 0.9
910, 18.365, 7.240, 1000000.0, 0.9
911, 18.298, 7.436, 1000000.0, 0.9
912, 18.353, 7.519, 1000000.0, 0.9
913, 18.299, 7.429, 1000000.0, 0.9
914, 18.333, 7.561, 1000000.0, 0.9
915, 18.298, 7.435, 1000000.0, 0.9
916, 18.298, 7.432, 1000000.0, 0.9
917, 18.403, 7.268, 1000000.0, 0.9
918, 18.787, 8.116, 1000000.0, 0.9
919, 18.302, 7.438, 1000000.0, 0.9
920, 18.759, 7.214, 1000000.0, 0.9
921, 18.296, 7.436, 1000000.0, 0.9
922, 18.296, 7.436, 1000000.0, 0.9
923, 18.358, 7.553, 1000000.0, 0.9
924, 18.296, 7.436, 1000000.0, 0.9
925, 18.296, 7.436, 1000000.0, 0.9
926, 18.296, 7.436, 1000000.0, 0.9
927, 18.364, 7.524, 1000000.0, 0.9
928, 18.373, 7.510, 1000000.0, 0.9
929, 18.305, 7.439, 1000000.0, 0.9
930, 18.296, 7.436, 1000000.0, 0.9
931, 18.298, 7.439, 1000000.0, 0.9
932, 18.917, 7.404, 1000000.0, 0.9
933, 18.296, 7.436, 1000000.0, 0.9
934, 18.292, 7.432, 1000000.0, 0.9
935, 18.289, 7.387, 1000000.0, 0.9
936, 18.306, 7.391, 1000000.0, 0.9
937, 18.286, 7.388, 1000000.0, 0.9
938, 18.285, 7.386, 1000000.0, 0.9
939, 18.310, 7.371, 1000000.0, 0.9
940, 18.361, 7.579, 1000000.0, 0.9
941, 18.309, 7.401, 1000000.0, 0.9
942, 18.285, 7.386, 1000000.0, 0.9
943, 18.290, 7.386, 1000000.0, 0.9
944, 18.857, 7.357, 1000000.0, 0.9
945, 18.301, 7.391, 1000000.0, 0.9
946, 18.676, 7.803, 1000000.0, 0.9
947, 18.292, 7.376, 1000000.0, 0.9
948, 18.292, 7.389, 1000000.0, 0.9
949, 18.284, 7.400, 1000000.0, 0.9
950, 18.745, 7.205, 1000000.0, 0.9
951, 18.386, 7.301, 1000000.0, 0.9
952, 18.285, 7.361, 1000000.0, 0.9
953, 18.655, 7.187, 1000000.0, 0.9
954, 18.293, 7.402, 1000000.0, 0.9
955, 18.447, 7.347, 1000000.0, 0.9
956, 18.288, 7.404, 1000000.0, 0.9
957, 18.284, 7.400, 1000000.0, 0.9
958, 18.286, 7.416, 1000000.0, 0.9
959, 18.298, 7.450, 1000000.0, 0.9
960, 18.284, 7.400, 1000000.0, 0.9
961, 18.285, 7.400, 1000000.0, 0.9
962, 18.284, 7.400, 1000000.0, 0.9
963, 18.284, 7.400, 1000000.0, 0.9
964, 18.286, 7.418, 1000000.0, 0.9
965, 19.259, 8.457, 1000000.0, 0.9
966, 18.283, 7.397, 1000000.0, 0.9
967, 18.341, 7.582, 1000000.0, 0.9
968, 18.284, 7.398, 1000000.0, 0.9
969, 18.906, 8.124, 1000000.0, 0.9
970, 18.283, 7.397, 1000000.0, 0.9
971, 18.353, 7.197, 1000000.0, 0.9
972, 18.331, 7.562, 1000000.0, 0.9
973, 18.288, 7.422, 1000000.0, 0.9
974, 18.284, 7.400, 1000000.0, 0.9
975, 18.634, 7.915, 1000000.0, 0.9
976, 18.309, 7.406, 1000000.0, 0.9
977, 18.276, 7.393, 1000000.0, 0.9
978, 18.272, 7.380, 1000000.0, 0.9
979, 18.286, 7.322, 1000000.0, 0.9
980, 18.267, 7.395, 1000000.0, 0.9
981, 18.270, 7.375, 1000000.0, 0.9
982, 18.267, 7.373, 1000000.0, 0.9
983, 18.346, 7.500, 1000000.0, 0.9
984, 18.271, 7.373, 1000000.0, 0.9
985, 18.267, 7.373, 1000000.0, 0.9
986, 18.282, 7.303, 1000000.0, 0.9
987, 18.268, 7.384, 1000000.0, 0.9
988, 18.264, 7.370, 1000000.0, 0.9
989, 18.264, 7.370, 1000000.0, 0.9
990, 18.335, 7.488, 1000000.0, 0.9
991, 18.365, 7.413, 1000000.0, 0.9
992, 18.292, 7.386, 1000000.0, 0.9
993, 18.270, 7.402, 1000000.0, 0.9
994, 18.326, 7.437, 1000000.0, 0.9
995, 18.264, 7.370, 1000000.0, 0.9
996, 18.329, 7.360, 1000000.0, 0.9
997, 18.289, 7.407, 1000000.0, 0.9
998, 18.278, 7.318, 1000000.0, 0.9
999, 19.515, 7.302, 1000000.0, 0.9
